{
 "meta": {
  "description": "Tier 2 port-vs-reference equivalence bands. Calibrated empirically (scripts/calibrate_tier2.py): null = reference engine vs itself at disjoint seeds against the runner's pinned reference pool; threshold = null q0.995 x margin 1.5619. Valid ONLY at K=32 runs per pool. See calibration/tier2_calibration.md.",
  "generated_at": "2026-07-07",
  "generated_at_rev": "5fdfb55",
  "platform": "macOS-26.5.1-arm64-arm-64bit-Mach-O",
  "python": "3.14.4",
  "numpy": "2.5.1",
  "scipy": "1.18.0",
  "profile_sha256": "6ab0cf5471555bbb819805346eea790d88e14a95ecd73caf7f430cf1ad723bc7",
  "full_kit_fixture_sha256": "d6a947d9415c7ed1e0e1c08fbc10b68297d9a47d69a2e5f42b977c6d0cce73d8",
  "K_runs": 32,
  "reference_seed_base": 777000,
  "master_runs": 256,
  "n_replicates": 400,
  "quantile": 0.995,
  "margin": 1.5619,
  "margin_selection": {
   "mode": "auto",
   "M_mean": 1.1024527587099053,
   "M_q": 1.487553303096451,
   "M_max": 1.618752764263601,
   "margin": 1.5619
  },
  "quick_mode": 0,
  "cells": [
   "f1_default",
   "f2_default",
   "f3_default",
   "f4_default",
   "f5_default",
   "f6_default",
   "f7_default",
   "f8_default",
   "f9_single_default",
   "f1_intensity10",
   "f1_phi00",
   "f1_phi09",
   "f1_push",
   "f1_lean_mirror",
   "f1_lean_half",
   "f4_phi00",
   "f4_hats_pinned",
   "f2_timing_only",
   "f2_velocity_only",
   "f2_fill",
   "f7_lanes",
   "f7_all_channels",
   "t2_full_kit"
  ]
 },
 "null_summary_by_family": {
  "cdev_w1": {
   "n_keys": 3,
   "batch_q99_spread_median": 0.1907599733822298,
   "batch_q99_spread_max": 0.19526960439250957,
   "alt_A_relq_median": 0.2032414964794123,
   "alt_A_relq_max": 0.36576094607912174
  },
  "off_ks": {
   "n_keys": 21,
   "batch_q99_spread_median": 0.12374355502317635,
   "batch_q99_spread_max": 0.37476577139287964,
   "alt_A_relq_median": 0.10390083849799567,
   "alt_A_relq_max": 0.35451130097557987
  },
  "off_mean_d": {
   "n_keys": 86,
   "batch_q99_spread_median": 0.16246747149743387,
   "batch_q99_spread_max": 0.40905187654695163,
   "alt_A_relq_median": 0.15052823017338685,
   "alt_A_relq_max": 0.7831500774135991
  },
  "off_sigma_d": {
   "n_keys": 86,
   "batch_q99_spread_median": 0.16538608961030082,
   "batch_q99_spread_max": 0.35661163252590655,
   "alt_A_relq_median": 0.15426096314807194,
   "alt_A_relq_max": 1.0557636555907495
  },
  "off_w1": {
   "n_keys": 108,
   "batch_q99_spread_median": 0.14442613340297467,
   "batch_q99_spread_max": 0.361640508221226,
   "alt_A_relq_median": 0.1372558542582245,
   "alt_A_relq_max": 0.819273703546701
  },
  "offd_w1": {
   "n_keys": 22,
   "batch_q99_spread_median": 0.13567706962791273,
   "batch_q99_spread_max": 0.13567706962791273,
   "alt_A_relq_median": 0.18941108362717937,
   "alt_A_relq_max": 0.24151360454712986
  },
  "t_lag1_d": {
   "n_keys": 16,
   "batch_q99_spread_median": 0.21252558858250925,
   "batch_q99_spread_max": 0.32903386920998706,
   "alt_A_relq_median": 0.19155027893938656,
   "alt_A_relq_max": 0.42276223890469233
  },
  "v_lag1_d": {
   "n_keys": 39,
   "batch_q99_spread_median": 0.20939311807419492,
   "batch_q99_spread_max": 0.3266598164492242,
   "alt_A_relq_median": 0.1465465991440764,
   "alt_A_relq_max": 0.9763922163863215
  },
  "veld_mean_d": {
   "n_keys": 89,
   "batch_q99_spread_median": 0.1689544281818969,
   "batch_q99_spread_max": 0.32197999190423876,
   "alt_A_relq_median": 0.19220587517688975,
   "alt_A_relq_max": 0.8834595359098425
  },
  "veld_sigma_d": {
   "n_keys": 89,
   "batch_q99_spread_median": 0.16941056183166228,
   "batch_q99_spread_max": 0.3340488838568547,
   "alt_A_relq_median": 0.18094905681792342,
   "alt_A_relq_max": 0.7627231939780471
  },
  "veld_w1": {
   "n_keys": 111,
   "batch_q99_spread_median": 0.13156506040827712,
   "batch_q99_spread_max": 0.3322998611753815,
   "alt_A_relq_median": 0.14980822642507574,
   "alt_A_relq_max": 0.8264461620046989
  },
  "wrole_sigma_d": {
   "n_keys": 80,
   "batch_q99_spread_median": 0.17700523361262097,
   "batch_q99_spread_max": 0.3202499821143053,
   "alt_A_relq_median": 0.21493378149264675,
   "alt_A_relq_max": 0.9553507005423694
  },
  "xgap_sigma_d": {
   "n_keys": 5,
   "batch_q99_spread_median": null,
   "batch_q99_spread_max": null,
   "alt_A_relq_median": null,
   "alt_A_relq_max": null
  },
  "zjump_d": {
   "n_keys": 44,
   "batch_q99_spread_median": 0.14396288002652707,
   "batch_q99_spread_max": 0.3563381332537479,
   "alt_A_relq_median": 0.2341176470588226,
   "alt_A_relq_max": 1.092390298092947
  }
 },
 "mutants": [
  {
   "name": "off_scale_up",
   "description": "timing offset samples \u00d71.10",
   "simulates": "sample-path gain error ~ +10%",
   "detected": 1,
   "n_tripped": 15,
   "n_structural": 0,
   "worst_ratio": 1.6602230263326048,
   "worst_key": "t2_full_kit|ALL|off_sigma_d",
   "top_tripped": [
    [
     "t2_full_kit|ALL|off_sigma_d",
     1.66
    ],
    [
     "f2_default|ALL|off_sigma_d",
     1.64
    ],
    [
     "f2_timing_only|ALL|off_sigma_d",
     1.64
    ],
    [
     "f2_default|hihat_closed|off_sigma_d",
     1.59
    ],
    [
     "f2_timing_only|hihat_closed|off_sigma_d",
     1.59
    ],
    [
     "f2_fill|hihat_closed|off_sigma_d",
     1.5
    ],
    [
     "f2_fill|ALL|off_sigma_d",
     1.34
    ],
    [
     "t2_full_kit|snare|off_sigma_d",
     1.34
    ]
   ],
   "tripped_cells": [
    "f1_phi00",
    "f2_default",
    "f2_fill",
    "f2_timing_only",
    "f3_default",
    "t2_full_kit"
   ],
   "agg_tripped": [
    "off_sigma_d"
   ]
  },
  {
   "name": "off_scale_dn",
   "description": "timing offset samples \u00d70.90",
   "simulates": "sample-path gain error ~ -10%",
   "detected": 1,
   "n_tripped": 33,
   "n_structural": 0,
   "worst_ratio": 2.088763714568833,
   "worst_key": "f2_default|ALL|off_sigma_d",
   "top_tripped": [
    [
     "f2_default|ALL|off_sigma_d",
     2.09
    ],
    [
     "f2_timing_only|ALL|off_sigma_d",
     2.09
    ],
    [
     "t2_full_kit|ALL|off_sigma_d",
     1.93
    ],
    [
     "f2_default|hihat_closed|off_sigma_d",
     1.93
    ],
    [
     "f2_timing_only|hihat_closed|off_sigma_d",
     1.93
    ],
    [
     "t2_full_kit|ride|off_sigma_d",
     1.51
    ],
    [
     "f1_phi00|ALL|off_sigma_d",
     1.46
    ],
    [
     "f3_default|hihat_closed|off_sigma_d",
     1.36
    ]
   ],
   "tripped_cells": [
    "f1_default",
    "f1_intensity10",
    "f1_lean_half",
    "f1_lean_mirror",
    "f1_phi00",
    "f1_push",
    "f2_default",
    "f2_timing_only",
    "f3_default",
    "t2_full_kit"
   ],
   "agg_tripped": [
    "off_w1",
    "off_sigma_d"
   ]
  },
  {
   "name": "vel_scale_up",
   "description": "velocity delta samples \u00d71.15",
   "simulates": "velocity gain error ~ +15%",
   "detected": 1,
   "n_tripped": 89,
   "n_structural": 0,
   "worst_ratio": 3.4224916013235918,
   "worst_key": "t2_full_kit|ALL|veld_sigma_d",
   "top_tripped": [
    [
     "t2_full_kit|ALL|veld_sigma_d",
     3.42
    ],
    [
     "f2_fill|ALL|veld_sigma_d",
     2.92
    ],
    [
     "t2_full_kit|ALL|wrole_sigma_d",
     2.69
    ],
    [
     "f2_fill|hihat_closed|veld_sigma_d",
     2.68
    ],
    [
     "f2_fill|ALL|wrole_sigma_d",
     2.57
    ],
    [
     "f2_fill|hihat_closed|wrole_sigma_d",
     2.44
    ],
    [
     "f3_default|ALL|wrole_sigma_d",
     2.36
    ],
    [
     "f3_default|ALL|veld_sigma_d",
     2.12
    ]
   ],
   "tripped_cells": [
    "f1_default",
    "f1_intensity10",
    "f1_lean_half",
    "f1_lean_mirror",
    "f1_phi00",
    "f1_phi09",
    "f1_push",
    "f2_default",
    "f2_fill",
    "f2_velocity_only",
    "f3_default",
    "f4_default",
    "f4_phi00",
    "f5_default",
    "f6_default",
    "f7_all_channels",
    "f7_default",
    "f8_default",
    "t2_full_kit"
   ],
   "agg_tripped": [
    "veld_w1",
    "veld_sigma_d",
    "wrole_sigma_d"
   ]
  },
  {
   "name": "phi_nudge",
   "description": "phi +0.1 (cells with phi>0)",